﻿<?xml version="1.0" encoding="utf-8" ?>
<Module>
  <Name>系统管理</Name>
  <Key>SystemManage</Key>
  <Description>系统功能管理，请勿随意修改！</Description>
  <Controller>WebWorld.SystemManage</Controller>
  <OrderId>1</OrderId>
  <IconName>system.gif</IconName>
  <Functions>
    <Function>
      <Name>系统模块管理</Name>
      <Description>系统中所有的模块都在此管理</Description>
      <Key>SystemModuleManage</Key>
	  <OrderId>1</OrderId>
	  <IconName>module.gif</IconName>
      <Actions>
        <Action>
          <Name>模块列表</Name>
          <Key>ModuleList</Key>
          <Description>模块列表</Description>
          <ActionType>normal</ActionType>
		  <ActionValue></ActionValue>
		  <IsDefault>1</IsDefault>
		  <ControlName>ModuleList</ControlName>
		  <Tip>模块列表</Tip>
		  <IconName>list.png</IconName>
		  <OrderId>1</OrderId>
		  <Target>top</Target>
		  <EntityCount>0</EntityCount>
		  <IsPopup>2</IsPopup>
		  <Width></Width>
		  <Height></Height>
		  <IsResize></IsResize>
		  <IsMove></IsMove>
		  <IsIncludeMinBox></IsIncludeMinBox>
		  <IsIncludeMaxBox></IsIncludeMaxBox>
		  <IsShowInTaskBar></IsShowInTaskBar>
        </Action>
        <Action>
          <Name>新增模块</Name>
          <Key>ModuleAdd</Key>
          <Description>新增模块基本信息</Description>
          <ActionType>normal</ActionType>
		  <ActionValue></ActionValue>
		  <IsDefault>2</IsDefault>
		  <ControlName>ModuleAdd</ControlName>
		  <Tip>新增模块</Tip>
		  <IconName>add.gif</IconName>
		  <OrderId>2</OrderId>
		  <Target>top</Target>
		  <EntityCount>0</EntityCount>
		  <IsPopup>1</IsPopup>
		  <Width>600</Width>
		  <Height>400</Height>
		  <IsResize>1</IsResize>
		  <IsMove>1</IsMove>
		  <IsIncludeMinBox>1</IsIncludeMinBox>
		  <IsIncludeMaxBox>1</IsIncludeMaxBox>
		  <IsShowInTaskBar>1</IsShowInTaskBar>
        </Action>
		<Action>
          <Name>修改模块</Name>
          <Key>ModuleEdit</Key>
          <Description>修改模块基本信息</Description>
          <ActionType>normal</ActionType>
		  <ActionValue></ActionValue>
		  <IsDefault>2</IsDefault>
		  <ControlName>ModuleAdd</ControlName>
		  <Tip>修改模块</Tip>
		  <IconName>edit.gif</IconName>
		  <OrderId>3</OrderId>
		  <Target>top</Target>
		  <EntityCount>1</EntityCount>
		  <IsPopup>1</IsPopup>
		  <Width>600</Width>
		  <Height>400</Height>
		  <IsResize>1</IsResize>
		  <IsMove>1</IsMove>
		  <IsIncludeMinBox>1</IsIncludeMinBox>
		  <IsIncludeMaxBox>1</IsIncludeMaxBox>
		  <IsShowInTaskBar>1</IsShowInTaskBar>
        </Action>
		<Action>
          <Name>删除</Name>
          <Key>ModuleDelete</Key>
          <Description>删除模块基本信息</Description>
          <ActionType>javascript</ActionType>
		  <ActionValue>moduleDelete()</ActionValue>
		  <IsDefault>2</IsDefault>
		  <ControlName>ModuleList</ControlName>
		  <Tip>删除模块</Tip>
		  <IconName>delete.gif</IconName>
		  <OrderId>4</OrderId>
		  <Target>top</Target>
		  <EntityCount>-1</EntityCount>
		  <IsPopup>2</IsPopup>
		  <Width></Width>
		  <Height></Height>
		  <IsResize>1</IsResize>
		  <IsMove>1</IsMove>
		  <IsIncludeMinBox>1</IsIncludeMinBox>
		  <IsIncludeMaxBox>1</IsIncludeMaxBox>
		  <IsShowInTaskBar>1</IsShowInTaskBar>
        </Action>
		<Action>
          <Name>配置模块</Name>
          <Key>ModuleSet</Key>
          <Description>配置模块功能</Description>
          <ActionType>normal</ActionType>
		  <ActionValue></ActionValue>
		  <IsDefault>2</IsDefault>
		  <ControlName>ModuleUpdate</ControlName>
		  <Tip>配置模块</Tip>
		  <IconName>refresh.png</IconName>
		  <OrderId>5</OrderId>
		  <Target>top</Target>
		  <EntityCount>0</EntityCount>
		  <IsPopup>1</IsPopup>
		  <Width>600</Width>
		  <Height>400</Height>
		  <IsResize>1</IsResize>
		  <IsMove>1</IsMove>
		  <IsIncludeMinBox>1</IsIncludeMinBox>
		  <IsIncludeMaxBox>1</IsIncludeMaxBox>
		  <IsShowInTaskBar>1</IsShowInTaskBar>
        </Action>
      </Actions>
    </Function>
	<Function>
      <Name>系统用户管理</Name>
      <Description>系统所有用户管理</Description>
      <Key>SystemUserManage</Key>
	  <OrderId>3</OrderId>
	  <IconName>users.gif</IconName>
      <Actions>
        <Action>
          <Name>用户列表</Name>
          <Key>UserList</Key>
          <Description>用户列表</Description>
          <ActionType>normal</ActionType>
		  <ActionValue></ActionValue>
		  <IsDefault>1</IsDefault>
		  <ControlName>UserList</ControlName>
		  <Tip>用户列表</Tip>
		  <IconName>user_list.png</IconName>
		  <OrderId>1</OrderId>
		  <Target>top</Target>
		  <EntityCount>0</EntityCount>
		  <IsPopup>2</IsPopup>
		  <Width></Width>
		  <Height></Height>
		  <IsResize>2</IsResize>
		  <IsMove>2</IsMove>
		  <IsIncludeMinBox>2</IsIncludeMinBox>
		  <IsIncludeMaxBox>2</IsIncludeMaxBox>
		  <IsShowInTaskBar>2</IsShowInTaskBar>
        </Action>
        <Action>
          <Name>新增用户</Name>
          <Key>UserAdd</Key>
          <Description>新增功能基本信息</Description>
          <ActionType>normal</ActionType>
		  <ActionValue></ActionValue>
		  <IsDefault>2</IsDefault>
		  <ControlName>UserAdd</ControlName>
		  <Tip>新增功能基本信息</Tip>
		  <IconName>user_add.png</IconName>
		  <OrderId>2</OrderId>
		  <Target>top</Target>
		  <EntityCount>0</EntityCount>
		  <IsPopup>1</IsPopup>
		  <Width>500</Width>
		  <Height>600</Height>
		  <IsResize>1</IsResize>
		  <IsMove>1</IsMove>
		  <IsIncludeMinBox>1</IsIncludeMinBox>
		  <IsIncludeMaxBox>1</IsIncludeMaxBox>
		  <IsShowInTaskBar>1</IsShowInTaskBar>
        </Action>
		<Action>
      <Name>修改用户</Name>
      <Key>UserEdit</Key>
      <Description>修改用户基本信息</Description>
      <ActionType>normal</ActionType>
		  <ActionValue></ActionValue>
		  <IsDefault>2</IsDefault>
		  <ControlName>UserAdd</ControlName>
		  <Tip>修改用户</Tip>
		  <IconName>user_edit.png</IconName>
		  <OrderId>3</OrderId>
		  <Target>top</Target>
		  <EntityCount>1</EntityCount>
		  <IsPopup>1</IsPopup>
		  <Width>500</Width>
		  <Height>600</Height>
		  <IsResize>1</IsResize>
		  <IsMove>1</IsMove>
		  <IsIncludeMinBox>1</IsIncludeMinBox>
		  <IsIncludeMaxBox>1</IsIncludeMaxBox>
		  <IsShowInTaskBar>1</IsShowInTaskBar>
    </Action>
        <Action>
          <Name>设置密码</Name>
          <Key>UserPassword</Key>
          <Description>批量设置用户密码</Description>
          <ActionType>normal</ActionType>
          <ActionValue></ActionValue>
          <IsDefault>2</IsDefault>
          <ControlName>SetUserPassword</ControlName>
          <Tip>批量设置用户密码</Tip>
          <IconName>password.png</IconName>
          <OrderId>4</OrderId>
          <Target>top</Target>
          <EntityCount>-1</EntityCount>
          <IsPopup>1</IsPopup>
          <Width>400</Width>
          <Height>250</Height>
          <IsResize>1</IsResize>
          <IsMove>1</IsMove>
          <IsIncludeMinBox>1</IsIncludeMinBox>
          <IsIncludeMaxBox>1</IsIncludeMaxBox>
          <IsShowInTaskBar>1</IsShowInTaskBar>
        </Action>
        <Action>
          <Name>设置角色</Name>
          <Key>UserRole</Key>
          <Description>批量设置用户角色</Description>
          <ActionType>normal</ActionType>
          <ActionValue></ActionValue>
          <IsDefault>2</IsDefault>
          <ControlName>SetUserRole</ControlName>
          <Tip>批量设置用户角色</Tip>
          <IconName>role.png</IconName>
          <OrderId>5</OrderId>
          <Target>top</Target>
          <EntityCount>-1</EntityCount>
          <IsPopup>1</IsPopup>
          <Width>500</Width>
          <Height>400</Height>
          <IsResize>1</IsResize>
          <IsMove>1</IsMove>
          <IsIncludeMinBox>1</IsIncludeMinBox>
          <IsIncludeMaxBox>1</IsIncludeMaxBox>
          <IsShowInTaskBar>1</IsShowInTaskBar>
        </Action>
		<Action>
          <Name>设置功能权限</Name>
          <Key>UserFunction</Key>
          <Description>自定义用户功能权限</Description>
          <ActionType>normal</ActionType>
		  <ActionValue></ActionValue>
		  <IsDefault>2</IsDefault>
		  <ControlName>SetUserFunction</ControlName>
		  <Tip>自定义用户功能权限</Tip>
		  <IconName>role_function.png</IconName>
		  <OrderId>6</OrderId>
		  <Target>top</Target>
		  <EntityCount>1</EntityCount>
		  <IsPopup>1</IsPopup>
		  <Width>500</Width>
		  <Height>600</Height>
		  <IsResize>1</IsResize>
		  <IsMove>1</IsMove>
		  <IsIncludeMinBox>1</IsIncludeMinBox>
		  <IsIncludeMaxBox>1</IsIncludeMaxBox>
		  <IsShowInTaskBar>1</IsShowInTaskBar>
        </Action>
        <Action>
          <Name>设置操作权限</Name>
          <Key>UserAction</Key>
          <Description>设置用户操作权限</Description>
          <ActionType>normal</ActionType>
          <ActionValue></ActionValue>
          <IsDefault>2</IsDefault>
          <ControlName>SetUserActionFrame</ControlName>
          <Tip>设置用户操作权限</Tip>
          <IconName>action.png</IconName>
          <OrderId>7</OrderId>
          <Target>top</Target>
          <EntityCount>1</EntityCount>
          <IsPopup>1</IsPopup>
          <Width>700</Width>
          <Height>400</Height>
          <IsResize>1</IsResize>
          <IsMove>1</IsMove>
          <IsIncludeMinBox>1</IsIncludeMinBox>
          <IsIncludeMaxBox>1</IsIncludeMaxBox>
          <IsShowInTaskBar>1</IsShowInTaskBar>
        </Action>
		<Action>
          <Name>删除</Name>
          <Key>UserDelete</Key>
          <Description>删除用户基本信息</Description>
          <ActionType>normal</ActionType>
		  <ActionValue></ActionValue>
		  <IsDefault>2</IsDefault>
		  <ControlName>UserDelete</ControlName>
		  <Tip>删除用户</Tip>
		  <IconName>user_delete.png</IconName>
		  <OrderId>8</OrderId>
		  <Target>top</Target>
		  <EntityCount>-1</EntityCount>
		  <IsPopup>1</IsPopup>
		  <Width>300</Width>
		  <Height>200</Height>
		  <IsResize>2</IsResize>
		  <IsMove>1</IsMove>
		  <IsIncludeMinBox>2</IsIncludeMinBox>
		  <IsIncludeMaxBox>2</IsIncludeMaxBox>
		  <IsShowInTaskBar>2</IsShowInTaskBar>
        </Action>
        <Action>
          <Name>批量新增用户</Name>
          <Key>UserManage</Key>
          <Description>批量新增用户</Description>
          <ActionType>normal</ActionType>
          <ActionValue></ActionValue>
          <IsDefault>1</IsDefault>
          <ControlName>UserManage</ControlName>
          <Tip>批量新增用户</Tip>
          <IconName>user_list.png</IconName>
          <OrderId>8</OrderId>
          <Target>top</Target>
          <EntityCount>0</EntityCount>
          <IsPopup>2</IsPopup>
          <Width></Width>
          <Height></Height>
          <IsResize>2</IsResize>
          <IsMove>2</IsMove>
          <IsIncludeMinBox>2</IsIncludeMinBox>
          <IsIncludeMaxBox>2</IsIncludeMaxBox>
          <IsShowInTaskBar>2</IsShowInTaskBar>
        </Action>
      </Actions>
    </Function>
	<Function>
      <Name>系统角色管理</Name>
      <Description>系统所有角色管理</Description>
      <Key>SystemRoleManage</Key>
	  <OrderId>2</OrderId>
	  <IconName>roles.gif</IconName>
      <Actions>
        <Action>
          <Name>角色列表</Name>
          <Key>RoleList</Key>
          <Description>角色列表</Description>
          <ActionType>normal</ActionType>
		  <ActionValue></ActionValue>
		  <IsDefault>1</IsDefault>
		  <ControlName>RoleList</ControlName>
		  <Tip>角色列表</Tip>
		  <IconName>list.png</IconName>
		  <OrderId>1</OrderId>
		  <Target>top</Target>
		  <EntityCount>0</EntityCount>
		  <IsPopup>2</IsPopup>
		  <Width></Width>
		  <Height></Height>
		  <IsResize>2</IsResize>
		  <IsMove>2</IsMove>
		  <IsIncludeMinBox>2</IsIncludeMinBox>
		  <IsIncludeMaxBox>2</IsIncludeMaxBox>
		  <IsShowInTaskBar>2</IsShowInTaskBar>
        </Action>
        <Action>
          <Name>新增角色</Name>
          <Key>RoleAdd</Key>
          <Description>新增角色基本信息</Description>
          <ActionType>normal</ActionType>
		  <ActionValue></ActionValue>
		  <IsDefault>2</IsDefault>
		  <ControlName>RoleAdd</ControlName>
		  <Tip>新增角色基本信息</Tip>
		  <IconName>add.gif</IconName>
		  <OrderId>2</OrderId>
		  <Target>top</Target>
		  <EntityCount>0</EntityCount>
		  <IsPopup>1</IsPopup>
		  <Width>450</Width>
		  <Height>300</Height>
		  <IsResize>1</IsResize>
		  <IsMove>1</IsMove>
		  <IsIncludeMinBox>1</IsIncludeMinBox>
		  <IsIncludeMaxBox>1</IsIncludeMaxBox>
		  <IsShowInTaskBar>1</IsShowInTaskBar>
        </Action>
		<Action>
          <Name>修改角色</Name>
          <Key>RoleEdit</Key>
          <Description>修改角色基本信息</Description>
          <ActionType>normal</ActionType>
		  <ActionValue></ActionValue>
		  <IsDefault>2</IsDefault>
		  <ControlName>RoleAdd</ControlName>
		  <Tip>修改角色</Tip>
		  <IconName>edit.gif</IconName>
		  <OrderId>3</OrderId>
		  <Target>top</Target>
		  <EntityCount>1</EntityCount>
		  <IsPopup>1</IsPopup>
		  <Width>450</Width>
		  <Height>300</Height>
		  <IsResize>1</IsResize>
		  <IsMove>1</IsMove>
		  <IsIncludeMinBox>1</IsIncludeMinBox>
		  <IsIncludeMaxBox>1</IsIncludeMaxBox>
		  <IsShowInTaskBar>1</IsShowInTaskBar>
        </Action>
		<Action>
          <Name>设置功能权限</Name>
          <Key>RoleFunction</Key>
          <Description>自定义角色功能权限</Description>
          <ActionType>normal</ActionType>
		  <ActionValue></ActionValue>
		  <IsDefault>2</IsDefault>
		  <ControlName>SetRoleFunction</ControlName>
		  <Tip>自定义角色功能权限</Tip>
		  <IconName>role_function.png</IconName>
		  <OrderId>4</OrderId>
		  <Target>top</Target>
		  <EntityCount>1</EntityCount>
		  <IsPopup>1</IsPopup>
		  <Width>500</Width>
		  <Height>600</Height>
		  <IsResize>1</IsResize>
		  <IsMove>1</IsMove>
		  <IsIncludeMinBox>1</IsIncludeMinBox>
		  <IsIncludeMaxBox>1</IsIncludeMaxBox>
		  <IsShowInTaskBar>1</IsShowInTaskBar>
        </Action>
        <Action>
          <Name>设置操作权限</Name>
          <Key>RoleAction</Key>
          <Description>设置角色操作权限</Description>
          <ActionType>normal</ActionType>
          <ActionValue></ActionValue>
          <IsDefault>2</IsDefault>
          <ControlName>SetRoleActionFrame</ControlName>
          <Tip>设置角色操作权限</Tip>
          <IconName>action.png</IconName>
          <OrderId>5</OrderId>
          <Target>top</Target>
          <EntityCount>1</EntityCount>
          <IsPopup>1</IsPopup>
          <Width>700</Width>
          <Height>400</Height>
          <IsResize>1</IsResize>
          <IsMove>1</IsMove>
          <IsIncludeMinBox>1</IsIncludeMinBox>
          <IsIncludeMaxBox>1</IsIncludeMaxBox>
          <IsShowInTaskBar>1</IsShowInTaskBar>
        </Action>
		<Action>
          <Name>删除</Name>
          <Key>RoleDelete</Key>
          <Description>删除角色基本信息</Description>
          <ActionType>javascript</ActionType>
		  <ActionValue>roleDelete()</ActionValue>
		  <IsDefault>2</IsDefault>
		  <ControlName>RoleList</ControlName>
		  <Tip>删除角色</Tip>
		  <IconName>delete.gif</IconName>
		  <OrderId>6</OrderId>
		  <Target>top</Target>
		  <EntityCount>-1</EntityCount>
		  <IsPopup>2</IsPopup>
		  <Width></Width>
		  <Height></Height>
		  <IsResize>1</IsResize>
		  <IsMove>1</IsMove>
		  <IsIncludeMinBox>1</IsIncludeMinBox>
		  <IsIncludeMaxBox>1</IsIncludeMaxBox>
		  <IsShowInTaskBar>1</IsShowInTaskBar>
        </Action>
      </Actions>
    </Function>
	<Function>
      <Name>系统功能管理</Name>
      <Description>系统中所有的功能都在此管理</Description>
      <Key>SystemFunctionManage</Key>
	  <OrderId>4</OrderId>
	  <IconName>functions.gif</IconName>
      <Actions>
        <Action>
          <Name>功能树</Name>
          <Key>FunctionList</Key>
          <Description>功能列表</Description>
          <ActionType>normal</ActionType>
		  <ActionValue></ActionValue>
		  <IsDefault>1</IsDefault>
		  <ControlName>FunctionsManage</ControlName>
		  <Tip>功能列表</Tip>
		  <IconName>list.png</IconName>
		  <OrderId>1</OrderId>
		  <Target>top</Target>
		  <EntityCount>0</EntityCount>
		  <IsPopup>2</IsPopup>
		  <Width></Width>
		  <Height></Height>
		  <IsResize></IsResize>
		  <IsMove></IsMove>
		  <IsIncludeMinBox></IsIncludeMinBox>
		  <IsIncludeMaxBox></IsIncludeMaxBox>
		  <IsShowInTaskBar></IsShowInTaskBar>
        </Action>
        <Action>
          <Name>新增功能</Name>
          <Key>FunctionAdd</Key>
          <Description>新增功能</Description>
          <ActionType>normal</ActionType>
		  <ActionValue></ActionValue>
		  <IsDefault>2</IsDefault>
		  <ControlName>FunctionAdd</ControlName>
		  <Tip>新增功能</Tip>
		  <IconName>add.gif</IconName>
		  <OrderId>2</OrderId>
		  <Target>top</Target>
		  <EntityCount>0</EntityCount>
		  <IsPopup>1</IsPopup>
		  <Width>500</Width>
		  <Height>600</Height>
		  <IsResize>1</IsResize>
		  <IsMove>1</IsMove>
		  <IsIncludeMinBox>1</IsIncludeMinBox>
		  <IsIncludeMaxBox>1</IsIncludeMaxBox>
		  <IsShowInTaskBar>1</IsShowInTaskBar>
        </Action>
		<Action>
          <Name>修改功能</Name>
          <Key>FunctionEdit</Key>
          <Description>修改功能</Description>
          <ActionType>normal</ActionType>
		  <ActionValue></ActionValue>
		  <IsDefault>2</IsDefault>
		  <ControlName>FunctionAdd</ControlName>
		  <Tip>修改功能</Tip>
		  <IconName>edit.gif</IconName>
		  <OrderId>3</OrderId>
		  <Target>top</Target>
		  <EntityCount>1</EntityCount>
		  <IsPopup>1</IsPopup>
		  <Width>500</Width>
		  <Height>600</Height>
		  <IsResize>1</IsResize>
		  <IsMove>1</IsMove>
		  <IsIncludeMinBox>1</IsIncludeMinBox>
		  <IsIncludeMaxBox>1</IsIncludeMaxBox>
		  <IsShowInTaskBar>1</IsShowInTaskBar>
        </Action>
		<Action>
          <Name>删除</Name>
          <Key>FunctionDelete</Key>
          <Description>删除功能基本信息</Description>
          <ActionType>normal</ActionType>
		  <ActionValue></ActionValue>
		  <IsDefault>2</IsDefault>
		  <ControlName>FunctionDelete</ControlName>
		  <Tip>删除功能</Tip>
		  <IconName>delete.gif</IconName>
		  <OrderId>4</OrderId>
		  <Target>top</Target>
		  <EntityCount>1</EntityCount>
		  <IsPopup>1</IsPopup>
		  <Width>350</Width>
		  <Height>200</Height>
		  <IsResize>1</IsResize>
		  <IsMove>1</IsMove>
		  <IsIncludeMinBox>1</IsIncludeMinBox>
		  <IsIncludeMaxBox>1</IsIncludeMaxBox>
		  <IsShowInTaskBar>1</IsShowInTaskBar>
        </Action>
      </Actions>
    </Function>
    <Function>
      <Name>系统功能操作管理</Name>
      <Description>系统功能操作管理</Description>
      <Key>SystemActionManage</Key>
      <OrderId>5</OrderId>
      <IconName>actions.gif</IconName>
      <Actions>
        <Action>
          <Name>操作列表</Name>
          <Key>ActionList</Key>
          <Description>操作列表</Description>
          <ActionType>normal</ActionType>
          <ActionValue></ActionValue>
          <IsDefault>1</IsDefault>
          <ControlName>ActionList</ControlName>
          <Tip>操作列表</Tip>
          <IconName>list.png</IconName>
          <OrderId>1</OrderId>
          <Target>top</Target>
          <EntityCount>0</EntityCount>
          <IsPopup>2</IsPopup>
          <Width></Width>
          <Height></Height>
          <IsResize></IsResize>
          <IsMove></IsMove>
          <IsIncludeMinBox></IsIncludeMinBox>
          <IsIncludeMaxBox></IsIncludeMaxBox>
          <IsShowInTaskBar></IsShowInTaskBar>
        </Action>
        <Action>
          <Name>新增</Name>
          <Key>ActionAdd</Key>
          <Description>新增功能操作</Description>
          <ActionType>normal</ActionType>
          <ActionValue></ActionValue>
          <IsDefault>2</IsDefault>
          <ControlName>ActionAdd</ControlName>
          <Tip>新增功能操作</Tip>
          <IconName>add.gif</IconName>
          <OrderId>2</OrderId>
          <Target>top</Target>
          <EntityCount>0</EntityCount>
          <IsPopup>1</IsPopup>
          <Width>500</Width>
          <Height>520</Height>
          <IsResize>2</IsResize>
          <IsMove>1</IsMove>
          <IsIncludeMinBox>2</IsIncludeMinBox>
          <IsIncludeMaxBox>1</IsIncludeMaxBox>
          <IsShowInTaskBar>2</IsShowInTaskBar>
        </Action>
        <Action>
          <Name>修改</Name>
          <Key>ActionEdit</Key>
          <Description>修改功能操作</Description>
          <ActionType>normal</ActionType>
          <ActionValue></ActionValue>
          <IsDefault>2</IsDefault>
          <ControlName>ActionAdd</ControlName>
          <Tip>修改功能操作</Tip>
          <IconName>edit.gif</IconName>
          <OrderId>3</OrderId>
          <Target>top</Target>
          <EntityCount>1</EntityCount>
          <IsPopup>1</IsPopup>
          <Width>500</Width>
          <Height>520</Height>
          <IsResize>1</IsResize>
          <IsMove>1</IsMove>
          <IsIncludeMinBox>1</IsIncludeMinBox>
          <IsIncludeMaxBox>1</IsIncludeMaxBox>
          <IsShowInTaskBar>1</IsShowInTaskBar>
        </Action>
        <Action>
          <Name>删除</Name>
          <Key>ActionDelete</Key>
          <Description>删除功能操作基本信息</Description>
          <ActionType>normal</ActionType>
          <ActionValue></ActionValue>
          <IsDefault>2</IsDefault>
          <ControlName>ActionDelete</ControlName>
          <Tip>删除功能操作</Tip>
          <IconName>delete.gif</IconName>
          <OrderId>4</OrderId>
          <Target>top</Target>
          <EntityCount>-1</EntityCount>
          <IsPopup>1</IsPopup>
          <Width>350</Width>
          <Height>200</Height>
          <IsResize>1</IsResize>
          <IsMove>1</IsMove>
          <IsIncludeMinBox>1</IsIncludeMinBox>
          <IsIncludeMaxBox>1</IsIncludeMaxBox>
          <IsShowInTaskBar>1</IsShowInTaskBar>
        </Action>
        <Action>
          <Name>刷新</Name>
          <Key>ActionRefresh</Key>
          <Description>列表刷新</Description>
          <ActionType>javascript</ActionType>
          <ActionValue>formUtil.refreshWindow()</ActionValue>
          <IsDefault>2</IsDefault>
          <ControlName>ActionList</ControlName>
          <Tip>列表刷新</Tip>
          <IconName>refresh.png</IconName>
          <OrderId>5</OrderId>
          <Target>top</Target>
          <EntityCount>0</EntityCount>
          <IsPopup>2</IsPopup>
          <Width></Width>
          <Height></Height>
          <IsResize>2</IsResize>
          <IsMove>2</IsMove>
          <IsIncludeMinBox>2</IsIncludeMinBox>
          <IsIncludeMaxBox>2</IsIncludeMaxBox>
          <IsShowInTaskBar>2</IsShowInTaskBar>
        </Action>
        <Action>
          <Name>查询</Name>
          <Key>ActionSearch</Key>
          <Description>查询操作列表</Description>
          <ActionType>javascript</ActionType>
          <ActionValue>formUtil.toggleSearch()</ActionValue>
          <IsDefault>2</IsDefault>
          <ControlName>ActionList</ControlName>
          <Tip>查询操作列表</Tip>
          <IconName>magnifier.png</IconName>
          <OrderId>6</OrderId>
          <Target>top</Target>
          <EntityCount>0</EntityCount>
          <IsPopup>2</IsPopup>
          <Width></Width>
          <Height></Height>
          <IsResize>2</IsResize>
          <IsMove>2</IsMove>
          <IsIncludeMinBox>2</IsIncludeMinBox>
          <IsIncludeMaxBox>2</IsIncludeMaxBox>
          <IsShowInTaskBar>2</IsShowInTaskBar>
        </Action>
        <Action>
          <Name>查看已选</Name>
          <Key>ActionAlert</Key>
          <Description>查看已选记录</Description>
          <ActionType>javascript</ActionType>
          <ActionValue>alert(document.getElementById("hiddenSelectedValue").value)</ActionValue>
          <IsDefault>2</IsDefault>
          <ControlName>ActionList</ControlName>
          <Tip>查看已选记录</Tip>
          <IconName>magnifier.png</IconName>
          <OrderId>7</OrderId>
          <Target>top</Target>
          <EntityCount>0</EntityCount>
          <IsPopup>2</IsPopup>
          <Width></Width>
          <Height></Height>
          <IsResize>2</IsResize>
          <IsMove>2</IsMove>
          <IsIncludeMinBox>2</IsIncludeMinBox>
          <IsIncludeMaxBox>2</IsIncludeMaxBox>
          <IsShowInTaskBar>2</IsShowInTaskBar>
        </Action>
      </Actions>
    </Function>
  </Functions>
</Module>
